,haku_id,gender,age,job
0,03793b3e7a0815d31d90031451866c4b,男性,30代,アカウントプロデュース職
1,03e8ab8adaf96cadf13dcd85e21f5882,男性,30代,アカウントプロデュース職
2,053ba3a1b8b128330345eec51eb94579,男性,20代,アカウントプロデュース職
3,065f68d6f5c8c954d33449fb9796f4f0,男性,30代,アカウントプロデュース職
4,099ddf1e68b839c6bf5187a79d3acf34,男性,30代,アカウントプロデュース職
5,0a69337db060faa606b0af350e36fa17,男性,30代,アカウントプロデュース職
6,0cf6278be565d1077a7386c54092aaf8,男性,30代,アカウントプロデュース職
7,0dcb10f06e895f62183d25ad14999ecb,男性,40代,アカウントプロデュース職
8,0ed6485344a3b69d9f040db315f62a1f,男性,30代,アカウントプロデュース職
9,0f1742346a4c9150d55a6203ce59ecc7,男性,30代,アカウントプロデュース職
10,11b9d6af276211781c39a34d387df600,男性,30代,アカウントプロデュース職
11,126bf80dd1be13cc28aee056460b01c6,男性,30代,アカウントプロデュース職
12,128f65a2e70334c341081a792f939b40,男性,30代,アカウントプロデュース職
13,18aa4fc26c4fb133f42dcfe9605fb092,男性,40代,アカウントプロデュース職
14,1a32c6ec60f4f5b38eca13bf6a89d4ae,男性,40代,アカウントプロデュース職
15,1b58ab9f386f7de5a4f1e5beeff8fe52,男性,30代,アカウントプロデュース職
16,1b75668493dfc18b0726dcd009563e65,男性,30代,アカウントプロデュース職
17,1bbc982b23558e5c321a7d5fc4c144f4,男性,30代,アカウントプロデュース職
18,1d241d268def788b32bb361bdbbc4711,男性,30代,アカウントプロデュース職
19,1d495562c9bce7df3118aff79e31a2be,男性,20代,アカウントプロデュース職
20,1f5ce3429cb26ccebb8672a00ed7dfcc,男性,30代,アカウントプロデュース職
21,1f6d4d800f48180a4e31b563b5ebcbbc,男性,20代,クリエイティブ職
22,215acaa18ccb1722260bbc5d168c38dc,男性,30代,アカウントプロデュース職
23,2235daeaa24aee5e5c078318947ab585,男性,40代,アカウントプロデュース職
24,2353d1201d0e59dd4bd671f41959a823,男性,30代,アカウントプロデュース職
25,26590125378477a58334d678071fd0b7,男性,30代,アカウントプロデュース職
26,28536d8512597e5171042ceb62a2b276,男性,20代,クリエイティブ職
27,29d20f303ea29f4d9dbc07063682e7d7,男性,30代,アカウントプロデュース職
28,2b1bd8bba3b32c4e1f862a3799352da0,男性,30代,アカウントプロデュース職
29,2bdd1b9adc367ffc2af31497ce2cfdca,男性,30代,アカウントプロデュース職
30,2c3e5c44ce1ed6cb105fc6f3dcacfbe4,男性,40代,アカウントプロデュース職
31,2d24bce34c1c94b5784b03e123361482,男性,40代,アカウントプロデュース職
32,2dd4564228951971a432039007c1ea36,男性,30代,アカウントプロデュース職
33,2e56fce3465b40ec0484803e205adf45,男性,40代,アカウントプロデュース職
34,302f3fed07b845d55769a16a65862c07,男性,20代,アカウントプロデュース職
35,311246b654068bf838090c493ff9b892,男性,40代,アカウントプロデュース職
36,327afc752e77442a6c1cbbd899c7d30f,男性,20代,クリエイティブ職
37,32d9effde95f7565a7124760ab3f6ccc,男性,20代,アカウントプロデュース職
38,32fc14229ee7561114a18207a3faca5f,男性,20代,アカウントプロデュース職
39,333c73a284adce04fd89255c95886c1e,男性,30代,アカウントプロデュース職
40,358b4af2e92d372645f710726e50f321,男性,20代,アカウントプロデュース職
41,36544b66b90d6a967472a17e7ce38228,男性,30代,アカウントプロデュース職
42,3802b1c9582701af3098ddb2df7da75d,男性,20代,アカウントプロデュース職
43,38f9b1a453f788209972454a0b0c8ae6,男性,30代,アカウントプロデュース職
44,3ac623c4215c7169fa275694dbbb10f1,男性,30代,アカウントプロデュース職
45,3c5033cc567f0f15acc32f9b66f44829,男性,40代,アカウントプロデュース職
46,3da0840f01d5fe756d34a56b1a1688ca,男性,30代,アカウントプロデュース職
47,3f6d59b92b3db3f152b1d875dd99ac24,男性,40代,アカウントプロデュース職
48,40de75698d6b7bca96f050f4d1214eee,男性,30代,アカウントプロデュース職
49,4191966d411edc51282bc30794789565,男性,30代,アカウントプロデュース職
50,435099afcd7056f4eb9cfa59fcb30ab0,男性,30代,アカウントプロデュース職
51,43afbf41a37f2a6e6b7062995365bc10,男性,20代,アカウントプロデュース職
52,466cc7ab0789a110a37a60ab69218d35,男性,30代,アカウントプロデュース職
53,4727379613d6b1f735465105b9df6fdc,男性,20代,アカウントプロデュース職
54,4742b90803acfce1040ec7ba8b3718a2,男性,20代,アカウントプロデュース職
55,48a90c5a5be4f3f2441148c8ffd7ee7c,男性,30代,アカウントプロデュース職
56,49a619ca3e8c37a1950928d52beb0d6f,男性,30代,アカウントプロデュース職
57,49a645c82416675b9cecc480be22c10e,男性,40代,アカウントプロデュース職
58,4ff312fccc05f48586cb0694951eca31,男性,40代,アカウントプロデュース職
59,50f9bd20e7d1dcf03a2d2ee86911438a,男性,30代,アカウントプロデュース職
60,56b13229b89cd04426f484b6d949655b,男性,30代,アカウントプロデュース職
61,56d13371225b11a623548851827bedf2,男性,20代,アカウントプロデュース職
62,5748a1989a962eb43cab88b1ee8eb46f,男性,30代,アカウントプロデュース職
63,5b5892dc9f4110608846cab5d2b816f2,男性,30代,アカウントプロデュース職
64,5d4bbdd00ad10482ccd7bc2e48e4832e,男性,30代,アカウントプロデュース職
65,5e6d31607de0840728b504dbff75f15a,男性,30代,アカウントプロデュース職
66,5ebca03a81c696cb2d669d01c3cbe304,男性,20代,アカウントプロデュース職
67,5f9e35a613b182454d7718005027cc1d,男性,20代,アカウントプロデュース職
68,60f9e2a214ccbc45f25195b46f64ec29,男性,20代,アカウントプロデュース職
69,616c10817f04be485c736441a60beecd,男性,30代,アカウントプロデュース職
70,6212480b47f5a4fedc1a2ec03261a8fa,男性,20代,アカウントプロデュース職
71,633429ccfcebd1b95db62dc2de886a33,男性,40代,アカウントプロデュース職
72,657f73caadb54f01662663a2b44397ff,男性,30代,アカウントプロデュース職
73,676d059ca610cf64d8aa2be9da0cf83a,男性,20代,アカウントプロデュース職
74,69a5a24857fc9933798315366eef15ab,男性,30代,アカウントプロデュース職
75,6c36895b1d09e333498453cdf65ce9e3,男性,30代,アカウントプロデュース職
76,6d0104a0174070752d08ebcbef4da45b,男性,20代,クリエイティブ職
77,6da5f5391894117cd201e3937b924a0f,男性,30代,アカウントプロデュース職
78,6f0016b65ce541e0732e181a18870b9d,男性,30代,アカウントプロデュース職
79,707d59bac0fda39c7a9c108cf70d4f13,男性,30代,アカウントプロデュース職
80,7499e8279d6edfef0a5cc7e5617be520,男性,40代,アカウントプロデュース職
81,75be86a2e377ecd6a6b8f52b5f172c54,男性,30代,アカウントプロデュース職
82,76445ad778085a9b1e8c44ab6a263ae3,男性,30代,アカウントプロデュース職
83,76abbb86976bf8f49af0c94afb337955,男性,40代,アカウントプロデュース職
84,7d4d001b436256cfccb83ba812fc2d3e,男性,30代,アカウントプロデュース職
85,7dc4adae6b455cfd201081db5a9695dd,男性,30代,アカウントプロデュース職
86,7f663fc3c344635c990afae61aea8973,男性,40代,アカウントプロデュース職
87,7fb15156e0c10da246bff3a55edd6bbc,男性,40代,アカウントプロデュース職
88,82a7a54fd969d00bec9b20948d80e37e,男性,20代,アカウントプロデュース職
89,841b383cc0f26f9dd9fb9645f0044c99,男性,40代,アカウントプロデュース職
90,87dceb6effac5bfc1bf8917f773341bc,男性,40代,アカウントプロデュース職
91,891553c6dcab2da10ebdf4f06c9a1a2e,男性,20代,アカウントプロデュース職
92,8b53c65a22cd21a4091f3eb0d7662682,男性,30代,アカウントプロデュース職
93,8d995bc8a168a75565de475399394446,男性,30代,アカウントプロデュース職
94,8f5b0e7513c01140eccf93c5a18baa34,男性,40代,アカウントプロデュース職
95,920b26f24dcb29112030d6a9fc3bf957,男性,40代,アカウントプロデュース職
96,954dd6a4f2a6a41d08e6a838a9b62950,男性,30代,アカウントプロデュース職
97,9688dfc8f90a6a6ededd76a02bcef912,男性,20代,アカウントプロデュース職
98,974ced318342cee6d016bbff02f1907d,男性,20代,アカウントプロデュース職
99,98cc3015ec45b6494277564579f97215,男性,40代,アカウントプロデュース職
100,9c6d15eef8de6c1408e685961bf77dc2,男性,30代,アカウントプロデュース職
101,9c9729c9fb403dd2d0af0ca4c6d00061,男性,30代,アカウントプロデュース職
102,9f1b006142af7ddb93570c2ac0575161,男性,30代,アカウントプロデュース職
103,9f9e8a86a6084bffc6d80b872e05d3d8,男性,30代,アカウントプロデュース職
104,a0bfb340f7c5f29755a12dd31834e65f,男性,30代,アカウントプロデュース職
105,a2cb4e50f269a0007c23167a9a524f4b,男性,30代,アカウントプロデュース職
106,a383cb62c308a837251ea00cd3bcfb0e,男性,40代,アカウントプロデュース職
107,a4f84130311e621317a9c6929a71e6bb,男性,20代,クリエイティブ職
108,a7d8a85c02ba324e530900967f1f7670,男性,30代,アカウントプロデュース職
109,a803c5a4d4efe1727b51dd26db5e8551,男性,30代,アカウントプロデュース職
110,a81ce1f16466429dc663b5a86dae8470,男性,20代,アカウントプロデュース職
111,ab80fc800be3d8b318b60f0324cb473e,男性,20代,アカウントプロデュース職
112,ab838aa421d260cb944faafd752b96c0,男性,30代,アカウントプロデュース職
113,ac273b9dbbdbe801a7bde3482626047d,男性,40代,アカウントプロデュース職
114,ae641824e773e7162701985d429786f7,男性,40代,アカウントプロデュース職
115,afd98a53aba2bc87e2e81459aa52eae7,男性,30代,アカウントプロデュース職
116,b2ff44fc849820457c8b87ee265bedd4,男性,20代,アカウントプロデュース職
117,b36b6b7dd0d7908ba4676acbd07e847e,男性,30代,アカウントプロデュース職
118,b54f6134a560b0c29372133c70c2ecd1,男性,30代,アカウントプロデュース職
119,b75fd60c053a8e19d9728b871985b644,男性,30代,アカウントプロデュース職
120,b92c8c3cdba03be33dcd214c3b3f40c5,男性,30代,アカウントプロデュース職
121,b9408c047db8c45188a01f6445fdde0d,男性,30代,アカウントプロデュース職
122,bc52779c8657750677002aa15470b748,男性,30代,アカウントプロデュース職
123,bd9b7744133b375eb1aae8ace5699fbb,男性,30代,アカウントプロデュース職
124,be009ca095517775ba906b8289257113,男性,30代,アカウントプロデュース職
125,bed28680aa66fb7e28a0bed6699cce9f,男性,30代,アカウントプロデュース職
126,c041f69ff8351a2a4bdfd0dfb3be546a,男性,40代,アカウントプロデュース職
127,c043c659e9a161ea1504371d14e7efd9,男性,20代,アカウントプロデュース職
128,c0dc23cd558c3ebc166a3e2a59c2c2ea,男性,40代,アカウントプロデュース職
129,c3a055777fd77f8c655ef855c0838e6f,男性,30代,アカウントプロデュース職
130,c42fdfbcb00f1c4c6a6d5a38f66d099d,男性,30代,アカウントプロデュース職
131,c44ebf8804825eb87475896b52377243,男性,30代,アカウントプロデュース職
132,c5b0ab55d55bbbbf3b97e1a915d2c1cd,男性,30代,アカウントプロデュース職
133,c7bb10e2ac8fb82984df8760c17f7f5f,男性,40代,アカウントプロデュース職
134,cb0a5098b178827b0815b294435f69e0,男性,30代,アカウントプロデュース職
135,cb1845d41c2708d0aa1bb032cbed9d94,男性,30代,アカウントプロデュース職
136,cbaeb01f615fcc9e28b238ad3509a5bc,男性,30代,アカウントプロデュース職
137,d0e8fa8cb175aaf1f26297e790a54031,男性,30代,アカウントプロデュース職
138,d1a025110f7e8b05912c2a6d40a446da,男性,30代,アカウントプロデュース職
139,d2617621ba9fd6834b8d414614c2ff21,男性,30代,アカウントプロデュース職
140,d81aeb9a4bd1325ea8a4a0d9c27eadf2,男性,40代,アカウントプロデュース職
141,d81f578ef2557592673328a991483f66,男性,30代,アカウントプロデュース職
142,d881211bf0aa81e390f1acbad2e434d2,男性,30代,アカウントプロデュース職
143,da0a222093482049a5718490f332b5ee,男性,30代,アカウントプロデュース職
144,db26431eb0ab4d6484ad80408aab9e96,男性,20代,メディアプロデュース職
145,dc8c7bd5e66495445154e9827ad2cdb9,男性,30代,アカウントプロデュース職
146,df079a57105cebc6ba33e6ce96161dd5,男性,30代,アカウントプロデュース職
147,e31e0d02e21c9853356b90eab4476f49,男性,30代,アカウントプロデュース職
148,e432e0721a57ae0ebae352e0a0075c8e,男性,30代,アカウントプロデュース職
149,e72ae183fb95a45713efd24244b382a8,男性,30代,アカウントプロデュース職
150,e877ec14e584b4c1526fac8574410146,男性,30代,アカウントプロデュース職
151,eac2d377121dd597a7e0dcfa4f22c218,男性,30代,アカウントプロデュース職
152,ec03f8993fceeb551a84e1b1f66ca456,男性,30代,アカウントプロデュース職
153,ee610a00e4edf3f12a62b378cafcfc73,男性,30代,アカウントプロデュース職
154,f05088437fa3815219da46c2eb255438,男性,40代,アカウントプロデュース職
155,f0f7fb134fda24584836fceadf5ee200,男性,30代,アカウントプロデュース職
156,f1db6277c7054b9fa96cf4610e3e5819,男性,30代,アカウントプロデュース職
157,f2ecb78cf1a59f0a3a02e328a3c08c45,男性,40代,アカウントプロデュース職
158,f34d9f5410daededfb79528b609291fd,男性,40代,アカウントプロデュース職
159,f5bf2143356f3b6881bab401b4f11e98,男性,30代,アカウントプロデュース職
160,fa2052c3ace5defaf6b2de6b37ab21d9,男性,30代,アカウントプロデュース職
161,fbf8901a1b83e5cc2753fa2c05082c1c,男性,30代,アカウントプロデュース職
162,fc82a094071ecce1721a0ea1eba4d7ce,男性,30代,アカウントプロデュース職
163,fcb2e11e116f0c05be628b9125660d0d,男性,40代,アカウントプロデュース職
164,fd979c1cc759ed2765551990b42391ca,男性,40代,アカウントプロデュース職
165,fee2f03f8d8cd220b88500cdf4007919,男性,30代,アカウントプロデュース職
166,ffbe0e0cc8325c0cd0eed1fb1e880ef9,男性,30代,アカウントプロデュース職
